ID,Target
1,FilmTele-Play
2,HomeAppliance-Control
3,Audio-Play
4,Alarm-Update
5,HomeAppliance-Control
6,HomeAppliance-Control
7,FilmTele-Play
8,Music-Play
9,Calendar-Query
10,Video-Play
11,Alarm-Update
12,Travel-Query
13,Travel-Query
14,TVProgram-Play
15,Radio-Listen
16,Alarm-Update
17,Video-Play
18,Weather-Query
19,HomeAppliance-Control
20,Weather-Query
21,Video-Play
22,FilmTele-Play
23,Weather-Query
24,Travel-Query
25,Weather-Query
26,Alarm-Update
27,Video-Play
28,Video-Play
29,Music-Play
30,Alarm-Update
31,Other
32,Music-Play
33,Radio-Listen
34,Video-Play
35,FilmTele-Play
36,Video-Play
37,Video-Play
38,Video-Play
39,Weather-Query
40,Video-Play
41,Weather-Query
42,Radio-Listen
43,HomeAppliance-Control
44,Music-Play
45,Video-Play
46,Calendar-Query
47,Alarm-Update
48,Weather-Query
49,Weather-Query
50,Weather-Query
51,HomeAppliance-Control
52,Other
53,Weather-Query
54,FilmTele-Play
55,Video-Play
56,Calendar-Query
57,Music-Play
58,Travel-Query
59,Music-Play
60,Weather-Query
61,Weather-Query
62,FilmTele-Play
63,FilmTele-Play
64,TVProgram-Play
65,TVProgram-Play
66,Radio-Listen
67,Video-Play
68,Weather-Query
69,Video-Play
70,FilmTele-Play
71,Music-Play
72,Calendar-Query
73,Music-Play
74,Radio-Listen
75,Travel-Query
76,Audio-Play
77,Video-Play
78,Weather-Query
79,Video-Play
80,Music-Play
81,FilmTele-Play
82,Travel-Query
83,Music-Play
84,HomeAppliance-Control
85,FilmTele-Play
86,Video-Play
87,Travel-Query
88,Calendar-Query
89,Travel-Query
90,Music-Play
91,Travel-Query
92,Alarm-Update
93,FilmTele-Play
94,Other
95,Music-Play
96,Travel-Query
97,Calendar-Query
98,Radio-Listen
99,Audio-Play
100,Radio-Listen
101,Other
102,Travel-Query
103,Weather-Query
104,Video-Play
105,Audio-Play
106,Alarm-Update
107,FilmTele-Play
108,Video-Play
109,Weather-Query
110,Weather-Query
111,Audio-Play
112,Music-Play
113,HomeAppliance-Control
114,Alarm-Update
115,FilmTele-Play
116,HomeAppliance-Control
117,Other
118,TVProgram-Play
119,Calendar-Query
120,Video-Play
121,FilmTele-Play
122,Alarm-Update
123,Calendar-Query
124,Radio-Listen
125,TVProgram-Play
126,TVProgram-Play
127,Travel-Query
128,Music-Play
129,Alarm-Update
130,Video-Play
131,Calendar-Query
132,Music-Play
133,Alarm-Update
134,Video-Play
135,FilmTele-Play
136,Video-Play
137,Weather-Query
138,Music-Play
139,Music-Play
140,Other
141,Travel-Query
142,Video-Play
143,FilmTele-Play
144,Alarm-Update
145,Video-Play
146,Calendar-Query
147,HomeAppliance-Control
148,Alarm-Update
149,Weather-Query
150,Alarm-Update
151,HomeAppliance-Control
152,Weather-Query
153,Other
154,HomeAppliance-Control
155,TVProgram-Play
156,Calendar-Query
157,Video-Play
158,FilmTele-Play
159,FilmTele-Play
160,Video-Play
161,Radio-Listen
162,Radio-Listen
163,HomeAppliance-Control
164,Music-Play
165,HomeAppliance-Control
166,Radio-Listen
167,FilmTele-Play
168,Music-Play
169,HomeAppliance-Control
170,Calendar-Query
171,FilmTele-Play
172,HomeAppliance-Control
173,HomeAppliance-Control
174,Alarm-Update
175,Alarm-Update
176,Weather-Query
177,Calendar-Query
178,HomeAppliance-Control
179,Alarm-Update
180,Video-Play
181,Video-Play
182,Alarm-Update
183,Alarm-Update
184,HomeAppliance-Control
185,Audio-Play
186,HomeAppliance-Control
187,Other
188,Audio-Play
189,Music-Play
190,Calendar-Query
191,FilmTele-Play
192,Video-Play
193,Weather-Query
194,Radio-Listen
195,Music-Play
196,Music-Play
197,Music-Play
198,Music-Play
199,HomeAppliance-Control
200,FilmTele-Play
201,TVProgram-Play
202,FilmTele-Play
203,Radio-Listen
204,Other
205,Travel-Query
206,Other
207,Other
208,HomeAppliance-Control
209,Weather-Query
210,Calendar-Query
211,Alarm-Update
212,Radio-Listen
213,Music-Play
214,HomeAppliance-Control
215,Radio-Listen
216,HomeAppliance-Control
217,HomeAppliance-Control
218,Weather-Query
219,Alarm-Update
220,Calendar-Query
221,Weather-Query
222,Travel-Query
223,Radio-Listen
224,Music-Play
225,Calendar-Query
226,HomeAppliance-Control
227,Weather-Query
228,Radio-Listen
229,Radio-Listen
230,Video-Play
231,Video-Play
232,Travel-Query
233,Weather-Query
234,Radio-Listen
235,Video-Play
236,FilmTele-Play
237,Music-Play
238,FilmTele-Play
239,Alarm-Update
240,Radio-Listen
241,Alarm-Update
242,Music-Play
243,Weather-Query
244,FilmTele-Play
245,Video-Play
246,FilmTele-Play
247,Travel-Query
248,FilmTele-Play
249,FilmTele-Play
250,Audio-Play
251,Other
252,Other
253,Alarm-Update
254,Travel-Query
255,Radio-Listen
256,Weather-Query
257,TVProgram-Play
258,Alarm-Update
259,Alarm-Update
260,TVProgram-Play
261,Travel-Query
262,FilmTele-Play
263,Video-Play
264,Other
265,Other
266,FilmTele-Play
267,Weather-Query
268,Music-Play
269,HomeAppliance-Control
270,Weather-Query
271,Alarm-Update
272,Video-Play
273,Radio-Listen
274,Travel-Query
275,Audio-Play
276,HomeAppliance-Control
277,HomeAppliance-Control
278,Radio-Listen
279,Alarm-Update
280,Music-Play
281,Music-Play
282,Weather-Query
283,Weather-Query
284,HomeAppliance-Control
285,HomeAppliance-Control
286,FilmTele-Play
287,FilmTele-Play
288,Other
289,Weather-Query
290,Weather-Query
291,TVProgram-Play
292,Alarm-Update
293,Music-Play
294,Video-Play
295,Weather-Query
296,Radio-Listen
297,Video-Play
298,Video-Play
299,Radio-Listen
300,HomeAppliance-Control
301,Radio-Listen
302,Weather-Query
303,Video-Play
304,HomeAppliance-Control
305,Alarm-Update
306,TVProgram-Play
307,Travel-Query
308,Alarm-Update
309,Other
310,Video-Play
311,Radio-Listen
312,Weather-Query
313,Audio-Play
314,Video-Play
315,FilmTele-Play
316,Weather-Query
317,Weather-Query
318,Calendar-Query
319,Travel-Query
320,Radio-Listen
321,Audio-Play
322,TVProgram-Play
323,Calendar-Query
324,Audio-Play
325,Travel-Query
326,Other
327,HomeAppliance-Control
328,Other
329,HomeAppliance-Control
330,Music-Play
331,Radio-Listen
332,FilmTele-Play
333,Weather-Query
334,FilmTele-Play
335,HomeAppliance-Control
336,Music-Play
337,Weather-Query
338,Video-Play
339,Music-Play
340,Audio-Play
341,Radio-Listen
342,Video-Play
343,Music-Play
344,Audio-Play
345,Calendar-Query
346,HomeAppliance-Control
347,HomeAppliance-Control
348,FilmTele-Play
349,Calendar-Query
350,Radio-Listen
351,HomeAppliance-Control
352,FilmTele-Play
353,Radio-Listen
354,Music-Play
355,Alarm-Update
356,Weather-Query
357,HomeAppliance-Control
358,TVProgram-Play
359,Calendar-Query
360,Calendar-Query
361,Radio-Listen
362,Music-Play
363,Travel-Query
364,Radio-Listen
365,Video-Play
366,FilmTele-Play
367,Radio-Listen
368,Music-Play
369,Radio-Listen
370,Audio-Play
371,Weather-Query
372,Radio-Listen
373,FilmTele-Play
374,Weather-Query
375,Alarm-Update
376,HomeAppliance-Control
377,HomeAppliance-Control
378,FilmTele-Play
379,Weather-Query
380,Travel-Query
381,Travel-Query
382,Radio-Listen
383,Travel-Query
384,Weather-Query
385,Music-Play
386,Music-Play
387,Weather-Query
388,FilmTele-Play
389,Radio-Listen
390,Audio-Play
391,Music-Play
392,Other
393,Audio-Play
394,Alarm-Update
395,TVProgram-Play
396,Audio-Play
397,FilmTele-Play
398,Calendar-Query
399,HomeAppliance-Control
400,Music-Play
401,Weather-Query
402,Weather-Query
403,Music-Play
404,Alarm-Update
405,Video-Play
406,Video-Play
407,FilmTele-Play
408,TVProgram-Play
409,Calendar-Query
410,Music-Play
411,Music-Play
412,FilmTele-Play
413,Travel-Query
414,Calendar-Query
415,Weather-Query
416,Alarm-Update
417,Alarm-Update
418,Alarm-Update
419,TVProgram-Play
420,Audio-Play
421,Audio-Play
422,TVProgram-Play
423,Calendar-Query
424,Video-Play
425,Audio-Play
426,Music-Play
427,Radio-Listen
428,Radio-Listen
429,Music-Play
430,Video-Play
431,Alarm-Update
432,Video-Play
433,Travel-Query
434,HomeAppliance-Control
435,Music-Play
436,Travel-Query
437,Calendar-Query
438,Weather-Query
439,Alarm-Update
440,Calendar-Query
441,Music-Play
442,HomeAppliance-Control
443,Weather-Query
444,Alarm-Update
445,Weather-Query
446,Video-Play
447,Alarm-Update
448,HomeAppliance-Control
449,Audio-Play
450,Radio-Listen
451,Music-Play
452,Travel-Query
453,Radio-Listen
454,TVProgram-Play
455,Video-Play
456,Video-Play
457,Weather-Query
458,Radio-Listen
459,FilmTele-Play
460,Travel-Query
461,Travel-Query
462,Music-Play
463,Weather-Query
464,Music-Play
465,Weather-Query
466,Video-Play
467,Other
468,Video-Play
469,Video-Play
470,Weather-Query
471,Audio-Play
472,Calendar-Query
473,HomeAppliance-Control
474,Alarm-Update
475,Alarm-Update
476,Video-Play
477,HomeAppliance-Control
478,Music-Play
479,Music-Play
480,FilmTele-Play
481,HomeAppliance-Control
482,TVProgram-Play
483,FilmTele-Play
484,HomeAppliance-Control
485,HomeAppliance-Control
486,Video-Play
487,FilmTele-Play
488,FilmTele-Play
489,Weather-Query
490,HomeAppliance-Control
491,Alarm-Update
492,HomeAppliance-Control
493,Other
494,Calendar-Query
495,Video-Play
496,FilmTele-Play
497,Alarm-Update
498,Audio-Play
499,TVProgram-Play
500,Video-Play
501,FilmTele-Play
502,Weather-Query
503,FilmTele-Play
504,Other
505,Music-Play
506,Travel-Query
507,Music-Play
508,TVProgram-Play
509,Alarm-Update
510,Video-Play
511,Travel-Query
512,Music-Play
513,Radio-Listen
514,TVProgram-Play
515,HomeAppliance-Control
516,Video-Play
517,Weather-Query
518,HomeAppliance-Control
519,Video-Play
520,TVProgram-Play
521,Music-Play
522,FilmTele-Play
523,Radio-Listen
524,FilmTele-Play
525,Weather-Query
526,Alarm-Update
527,Video-Play
528,Weather-Query
529,Travel-Query
530,Other
531,Radio-Listen
532,Weather-Query
533,Audio-Play
534,Travel-Query
535,Video-Play
536,Video-Play
537,HomeAppliance-Control
538,Video-Play
539,Music-Play
540,Weather-Query
541,Radio-Listen
542,HomeAppliance-Control
543,HomeAppliance-Control
544,Weather-Query
545,Audio-Play
546,Weather-Query
547,Other
548,Radio-Listen
549,Calendar-Query
550,Travel-Query
551,HomeAppliance-Control
552,Travel-Query
553,Music-Play
554,Music-Play
555,Radio-Listen
556,Video-Play
557,Music-Play
558,FilmTele-Play
559,HomeAppliance-Control
560,Travel-Query
561,HomeAppliance-Control
562,HomeAppliance-Control
563,Alarm-Update
564,HomeAppliance-Control
565,HomeAppliance-Control
566,HomeAppliance-Control
567,Video-Play
568,Video-Play
569,Other
570,Travel-Query
571,Music-Play
572,HomeAppliance-Control
573,Music-Play
574,Video-Play
575,Alarm-Update
576,FilmTele-Play
577,Alarm-Update
578,Travel-Query
579,Calendar-Query
580,FilmTele-Play
581,Calendar-Query
582,Video-Play
583,FilmTele-Play
584,Radio-Listen
585,TVProgram-Play
586,TVProgram-Play
587,Weather-Query
588,Other
589,TVProgram-Play
590,Weather-Query
591,HomeAppliance-Control
592,Audio-Play
593,Calendar-Query
594,Other
595,Video-Play
596,Alarm-Update
597,FilmTele-Play
598,Video-Play
599,FilmTele-Play
600,Music-Play
601,Other
602,FilmTele-Play
603,Alarm-Update
604,Travel-Query
605,Travel-Query
606,Travel-Query
607,Music-Play
608,Music-Play
609,HomeAppliance-Control
610,FilmTele-Play
611,HomeAppliance-Control
612,Music-Play
613,TVProgram-Play
614,HomeAppliance-Control
615,Calendar-Query
616,Calendar-Query
617,Radio-Listen
618,Music-Play
619,Alarm-Update
620,Weather-Query
621,Travel-Query
622,FilmTele-Play
623,Music-Play
624,Weather-Query
625,Radio-Listen
626,Travel-Query
627,Video-Play
628,FilmTele-Play
629,Weather-Query
630,Weather-Query
631,HomeAppliance-Control
632,FilmTele-Play
633,FilmTele-Play
634,Weather-Query
635,Music-Play
636,FilmTele-Play
637,Weather-Query
638,Video-Play
639,Audio-Play
640,Video-Play
641,HomeAppliance-Control
642,Audio-Play
643,Other
644,Travel-Query
645,Music-Play
646,HomeAppliance-Control
647,Alarm-Update
648,TVProgram-Play
649,Music-Play
650,Weather-Query
651,Other
652,Video-Play
653,Music-Play
654,Audio-Play
655,Other
656,HomeAppliance-Control
657,Music-Play
658,HomeAppliance-Control
659,Travel-Query
660,HomeAppliance-Control
661,TVProgram-Play
662,Radio-Listen
663,HomeAppliance-Control
664,FilmTele-Play
665,HomeAppliance-Control
666,Music-Play
667,FilmTele-Play
668,Radio-Listen
669,Other
670,HomeAppliance-Control
671,Weather-Query
672,TVProgram-Play
673,FilmTele-Play
674,Video-Play
675,Travel-Query
676,Alarm-Update
677,FilmTele-Play
678,FilmTele-Play
679,Music-Play
680,Alarm-Update
681,Music-Play
682,Music-Play
683,Weather-Query
684,Weather-Query
685,FilmTele-Play
686,Radio-Listen
687,HomeAppliance-Control
688,HomeAppliance-Control
689,Music-Play
690,Video-Play
691,Calendar-Query
692,Alarm-Update
693,Travel-Query
694,Calendar-Query
695,TVProgram-Play
696,TVProgram-Play
697,Audio-Play
698,FilmTele-Play
699,Travel-Query
700,Music-Play
701,HomeAppliance-Control
702,Radio-Listen
703,Music-Play
704,Travel-Query
705,Music-Play
706,Travel-Query
707,Radio-Listen
708,Radio-Listen
709,HomeAppliance-Control
710,Weather-Query
711,Audio-Play
712,FilmTele-Play
713,FilmTele-Play
714,Calendar-Query
715,Weather-Query
716,TVProgram-Play
717,Radio-Listen
718,Weather-Query
719,Travel-Query
720,Video-Play
721,TVProgram-Play
722,HomeAppliance-Control
723,TVProgram-Play
724,Music-Play
725,Alarm-Update
726,HomeAppliance-Control
727,Radio-Listen
728,Weather-Query
729,Travel-Query
730,FilmTele-Play
731,Radio-Listen
732,Other
733,HomeAppliance-Control
734,Travel-Query
735,Audio-Play
736,FilmTele-Play
737,Other
738,TVProgram-Play
739,Weather-Query
740,Calendar-Query
741,HomeAppliance-Control
742,Video-Play
743,Radio-Listen
744,Alarm-Update
745,Music-Play
746,FilmTele-Play
747,Weather-Query
748,FilmTele-Play
749,Travel-Query
750,HomeAppliance-Control
751,Travel-Query
752,Weather-Query
753,Video-Play
754,Calendar-Query
755,Alarm-Update
756,Radio-Listen
757,Weather-Query
758,FilmTele-Play
759,Weather-Query
760,FilmTele-Play
761,Weather-Query
762,Travel-Query
763,Radio-Listen
764,FilmTele-Play
765,HomeAppliance-Control
766,Video-Play
767,Music-Play
768,FilmTele-Play
769,Audio-Play
770,TVProgram-Play
771,Audio-Play
772,Other
773,Video-Play
774,TVProgram-Play
775,Calendar-Query
776,Weather-Query
777,Video-Play
778,Other
779,Weather-Query
780,Alarm-Update
781,Weather-Query
782,TVProgram-Play
783,Audio-Play
784,Travel-Query
785,Video-Play
786,Calendar-Query
787,Radio-Listen
788,Other
789,Audio-Play
790,Weather-Query
791,Travel-Query
792,Radio-Listen
793,FilmTele-Play
794,Calendar-Query
795,Calendar-Query
796,Travel-Query
797,Calendar-Query
798,Calendar-Query
799,HomeAppliance-Control
800,TVProgram-Play
801,Music-Play
802,HomeAppliance-Control
803,FilmTele-Play
804,FilmTele-Play
805,Radio-Listen
806,Travel-Query
807,TVProgram-Play
808,Music-Play
809,Alarm-Update
810,HomeAppliance-Control
811,TVProgram-Play
812,Music-Play
813,Radio-Listen
814,Calendar-Query
815,Music-Play
816,Video-Play
817,Video-Play
818,Video-Play
819,Video-Play
820,FilmTele-Play
821,Music-Play
822,Weather-Query
823,Radio-Listen
824,Weather-Query
825,Alarm-Update
826,Weather-Query
827,Weather-Query
828,Weather-Query
829,Alarm-Update
830,FilmTele-Play
831,Video-Play
832,HomeAppliance-Control
833,Weather-Query
834,Weather-Query
835,Weather-Query
836,Music-Play
837,Radio-Listen
838,Travel-Query
839,Audio-Play
840,FilmTele-Play
841,Alarm-Update
842,Radio-Listen
843,HomeAppliance-Control
844,Music-Play
845,Calendar-Query
846,FilmTele-Play
847,HomeAppliance-Control
848,FilmTele-Play
849,Other
850,Travel-Query
851,Video-Play
852,Weather-Query
853,Alarm-Update
854,Travel-Query
855,HomeAppliance-Control
856,FilmTele-Play
857,TVProgram-Play
858,FilmTele-Play
859,Music-Play
860,Radio-Listen
861,Weather-Query
862,Video-Play
863,Radio-Listen
864,TVProgram-Play
865,Alarm-Update
866,Video-Play
867,Music-Play
868,Travel-Query
869,Radio-Listen
870,TVProgram-Play
871,TVProgram-Play
872,FilmTele-Play
873,Travel-Query
874,Travel-Query
875,Calendar-Query
876,Alarm-Update
877,Radio-Listen
878,Other
879,Music-Play
880,Audio-Play
881,Music-Play
882,Video-Play
883,Weather-Query
884,Music-Play
885,TVProgram-Play
886,TVProgram-Play
887,Weather-Query
888,Other
889,FilmTele-Play
890,Travel-Query
891,Music-Play
892,Music-Play
893,HomeAppliance-Control
894,TVProgram-Play
895,HomeAppliance-Control
896,Radio-Listen
897,Music-Play
898,Weather-Query
899,Alarm-Update
900,Other
901,Music-Play
902,Alarm-Update
903,HomeAppliance-Control
904,Music-Play
905,TVProgram-Play
906,FilmTele-Play
907,Music-Play
908,Radio-Listen
909,FilmTele-Play
910,Travel-Query
911,Weather-Query
912,Weather-Query
913,HomeAppliance-Control
914,Calendar-Query
915,Calendar-Query
916,HomeAppliance-Control
917,Weather-Query
918,Weather-Query
919,FilmTele-Play
920,Travel-Query
921,Calendar-Query
922,Calendar-Query
923,Weather-Query
924,FilmTele-Play
925,Alarm-Update
926,Travel-Query
927,Music-Play
928,Travel-Query
929,Travel-Query
930,Calendar-Query
931,Other
932,Travel-Query
933,Weather-Query
934,Travel-Query
935,Calendar-Query
936,Music-Play
937,FilmTele-Play
938,FilmTele-Play
939,FilmTele-Play
940,Travel-Query
941,Weather-Query
942,Travel-Query
943,Weather-Query
944,Video-Play
945,Calendar-Query
946,Weather-Query
947,HomeAppliance-Control
948,FilmTele-Play
949,Music-Play
950,FilmTele-Play
951,Audio-Play
952,Audio-Play
953,Radio-Listen
954,FilmTele-Play
955,Alarm-Update
956,Weather-Query
957,Other
958,Music-Play
959,Travel-Query
960,FilmTele-Play
961,Radio-Listen
962,Alarm-Update
963,Music-Play
964,Other
965,Audio-Play
966,Music-Play
967,FilmTele-Play
968,Travel-Query
969,TVProgram-Play
970,Calendar-Query
971,Video-Play
972,Radio-Listen
973,Radio-Listen
974,Weather-Query
975,Music-Play
976,Radio-Listen
977,Audio-Play
978,Weather-Query
979,Music-Play
980,Other
981,FilmTele-Play
982,Audio-Play
983,FilmTele-Play
984,Audio-Play
985,Calendar-Query
986,Weather-Query
987,Alarm-Update
988,Travel-Query
989,Weather-Query
990,Weather-Query
991,Video-Play
992,Other
993,Calendar-Query
994,HomeAppliance-Control
995,Music-Play
996,Travel-Query
997,Other
998,Travel-Query
999,Video-Play
1000,Weather-Query
1001,Calendar-Query
1002,TVProgram-Play
1003,Travel-Query
1004,Alarm-Update
1005,Travel-Query
1006,Radio-Listen
1007,TVProgram-Play
1008,Alarm-Update
1009,Alarm-Update
1010,Music-Play
1011,Calendar-Query
1012,Radio-Listen
1013,Music-Play
1014,Music-Play
1015,TVProgram-Play
1016,Alarm-Update
1017,Music-Play
1018,Radio-Listen
1019,Alarm-Update
1020,Audio-Play
1021,FilmTele-Play
1022,Video-Play
1023,Radio-Listen
1024,HomeAppliance-Control
1025,Video-Play
1026,FilmTele-Play
1027,FilmTele-Play
1028,Alarm-Update
1029,Radio-Listen
1030,Music-Play
1031,Alarm-Update
1032,Audio-Play
1033,Alarm-Update
1034,Weather-Query
1035,Music-Play
1036,Travel-Query
1037,Music-Play
1038,Music-Play
1039,Calendar-Query
1040,Music-Play
1041,Travel-Query
1042,Music-Play
1043,FilmTele-Play
1044,FilmTele-Play
1045,Video-Play
1046,Radio-Listen
1047,Radio-Listen
1048,Travel-Query
1049,Music-Play
1050,FilmTele-Play
1051,Audio-Play
1052,Radio-Listen
1053,HomeAppliance-Control
1054,FilmTele-Play
1055,Travel-Query
1056,FilmTele-Play
1057,Alarm-Update
1058,Radio-Listen
1059,FilmTele-Play
1060,HomeAppliance-Control
1061,Calendar-Query
1062,Video-Play
1063,Alarm-Update
1064,Alarm-Update
1065,FilmTele-Play
1066,Radio-Listen
1067,Weather-Query
1068,Weather-Query
1069,Video-Play
1070,Radio-Listen
1071,Weather-Query
1072,Radio-Listen
1073,Weather-Query
1074,Music-Play
1075,FilmTele-Play
1076,Music-Play
1077,Calendar-Query
1078,Alarm-Update
1079,Weather-Query
1080,FilmTele-Play
1081,Travel-Query
1082,Alarm-Update
1083,Weather-Query
1084,Alarm-Update
1085,Weather-Query
1086,Audio-Play
1087,Weather-Query
1088,Travel-Query
1089,HomeAppliance-Control
1090,Video-Play
1091,Calendar-Query
1092,Alarm-Update
1093,Weather-Query
1094,Music-Play
1095,Alarm-Update
1096,HomeAppliance-Control
1097,FilmTele-Play
1098,Travel-Query
1099,Calendar-Query
1100,HomeAppliance-Control
1101,FilmTele-Play
1102,HomeAppliance-Control
1103,HomeAppliance-Control
1104,Calendar-Query
1105,HomeAppliance-Control
1106,Music-Play
1107,Alarm-Update
1108,HomeAppliance-Control
1109,Video-Play
1110,FilmTele-Play
1111,Video-Play
1112,Travel-Query
1113,Alarm-Update
1114,Alarm-Update
1115,Calendar-Query
1116,Calendar-Query
1117,Alarm-Update
1118,FilmTele-Play
1119,Radio-Listen
1120,HomeAppliance-Control
1121,Weather-Query
1122,HomeAppliance-Control
1123,TVProgram-Play
1124,Alarm-Update
1125,Music-Play
1126,Radio-Listen
1127,HomeAppliance-Control
1128,Travel-Query
1129,Alarm-Update
1130,Travel-Query
1131,FilmTele-Play
1132,Weather-Query
1133,Radio-Listen
1134,FilmTele-Play
1135,Weather-Query
1136,Alarm-Update
1137,Music-Play
1138,HomeAppliance-Control
1139,Calendar-Query
1140,Travel-Query
1141,FilmTele-Play
1142,HomeAppliance-Control
1143,Calendar-Query
1144,HomeAppliance-Control
1145,Video-Play
1146,Weather-Query
1147,FilmTele-Play
1148,Weather-Query
1149,FilmTele-Play
1150,HomeAppliance-Control
1151,Video-Play
1152,Music-Play
1153,HomeAppliance-Control
1154,Radio-Listen
1155,Music-Play
1156,HomeAppliance-Control
1157,Weather-Query
1158,Radio-Listen
1159,Video-Play
1160,FilmTele-Play
1161,HomeAppliance-Control
1162,Radio-Listen
1163,Radio-Listen
1164,Weather-Query
1165,HomeAppliance-Control
1166,FilmTele-Play
1167,FilmTele-Play
1168,Travel-Query
1169,Music-Play
1170,Audio-Play
1171,Alarm-Update
1172,FilmTele-Play
1173,FilmTele-Play
1174,Radio-Listen
1175,Weather-Query
1176,Radio-Listen
1177,Music-Play
1178,Travel-Query
1179,Music-Play
1180,Music-Play
1181,Other
1182,TVProgram-Play
1183,Audio-Play
1184,Radio-Listen
1185,Music-Play
1186,HomeAppliance-Control
1187,HomeAppliance-Control
1188,Travel-Query
1189,Audio-Play
1190,Travel-Query
1191,Video-Play
1192,Music-Play
1193,Radio-Listen
1194,Travel-Query
1195,HomeAppliance-Control
1196,Weather-Query
1197,Radio-Listen
1198,TVProgram-Play
1199,Alarm-Update
1200,Travel-Query
1201,Radio-Listen
1202,Radio-Listen
1203,Travel-Query
1204,Video-Play
1205,Travel-Query
1206,Alarm-Update
1207,Music-Play
1208,Other
1209,FilmTele-Play
1210,HomeAppliance-Control
1211,Travel-Query
1212,TVProgram-Play
1213,HomeAppliance-Control
1214,HomeAppliance-Control
1215,Video-Play
1216,Radio-Listen
1217,Calendar-Query
1218,Music-Play
1219,Music-Play
1220,FilmTele-Play
1221,Calendar-Query
1222,Music-Play
1223,Video-Play
1224,TVProgram-Play
1225,Music-Play
1226,Video-Play
1227,Radio-Listen
1228,Travel-Query
1229,HomeAppliance-Control
1230,Travel-Query
1231,Travel-Query
1232,HomeAppliance-Control
1233,Music-Play
1234,Travel-Query
1235,Video-Play
1236,FilmTele-Play
1237,FilmTele-Play
1238,HomeAppliance-Control
1239,Other
1240,Weather-Query
1241,Alarm-Update
1242,Weather-Query
1243,Weather-Query
1244,Calendar-Query
1245,Weather-Query
1246,Weather-Query
1247,Music-Play
1248,Music-Play
1249,Weather-Query
1250,Radio-Listen
1251,Calendar-Query
1252,Video-Play
1253,Travel-Query
1254,Radio-Listen
1255,Music-Play
1256,Music-Play
1257,Weather-Query
1258,Weather-Query
1259,HomeAppliance-Control
1260,Video-Play
1261,Video-Play
1262,Weather-Query
1263,Other
1264,Video-Play
1265,HomeAppliance-Control
1266,FilmTele-Play
1267,FilmTele-Play
1268,Weather-Query
1269,Audio-Play
1270,FilmTele-Play
1271,Audio-Play
1272,Music-Play
1273,Calendar-Query
1274,Travel-Query
1275,Calendar-Query
1276,FilmTele-Play
1277,Other
1278,Other
1279,HomeAppliance-Control
1280,Radio-Listen
1281,Calendar-Query
1282,Audio-Play
1283,Weather-Query
1284,Other
1285,HomeAppliance-Control
1286,Music-Play
1287,Video-Play
1288,FilmTele-Play
1289,Calendar-Query
1290,Weather-Query
1291,HomeAppliance-Control
1292,Travel-Query
1293,HomeAppliance-Control
1294,Alarm-Update
1295,Video-Play
1296,Video-Play
1297,Music-Play
1298,Travel-Query
1299,Other
1300,Other
1301,FilmTele-Play
1302,Weather-Query
1303,Video-Play
1304,Weather-Query
1305,Other
1306,TVProgram-Play
1307,Weather-Query
1308,Music-Play
1309,TVProgram-Play
1310,Music-Play
1311,HomeAppliance-Control
1312,TVProgram-Play
1313,HomeAppliance-Control
1314,Video-Play
1315,Music-Play
1316,FilmTele-Play
1317,Alarm-Update
1318,Alarm-Update
1319,Other
1320,Travel-Query
1321,Alarm-Update
1322,Travel-Query
1323,HomeAppliance-Control
1324,Travel-Query
1325,TVProgram-Play
1326,Audio-Play
1327,Radio-Listen
1328,FilmTele-Play
1329,HomeAppliance-Control
1330,Weather-Query
1331,Video-Play
1332,Travel-Query
1333,Weather-Query
1334,Calendar-Query
1335,Weather-Query
1336,Music-Play
1337,Alarm-Update
1338,Travel-Query
1339,Alarm-Update
1340,Calendar-Query
1341,Calendar-Query
1342,Travel-Query
1343,Weather-Query
1344,Alarm-Update
1345,TVProgram-Play
1346,Travel-Query
1347,Other
1348,Video-Play
1349,Weather-Query
1350,Other
1351,Video-Play
1352,FilmTele-Play
1353,Video-Play
1354,Weather-Query
1355,Weather-Query
1356,TVProgram-Play
1357,HomeAppliance-Control
1358,Calendar-Query
1359,Weather-Query
1360,Radio-Listen
1361,Music-Play
1362,Alarm-Update
1363,Music-Play
1364,Weather-Query
1365,HomeAppliance-Control
1366,TVProgram-Play
1367,FilmTele-Play
1368,Alarm-Update
1369,Video-Play
1370,HomeAppliance-Control
1371,Music-Play
1372,Travel-Query
1373,Weather-Query
1374,Radio-Listen
1375,Calendar-Query
1376,Music-Play
1377,Music-Play
1378,Travel-Query
1379,FilmTele-Play
1380,Music-Play
1381,Calendar-Query
1382,TVProgram-Play
1383,TVProgram-Play
1384,Calendar-Query
1385,Radio-Listen
1386,Other
1387,Calendar-Query
1388,Music-Play
1389,HomeAppliance-Control
1390,Radio-Listen
1391,Weather-Query
1392,TVProgram-Play
1393,Alarm-Update
1394,Music-Play
1395,Travel-Query
1396,Weather-Query
1397,TVProgram-Play
1398,FilmTele-Play
1399,Music-Play
1400,Calendar-Query
1401,TVProgram-Play
1402,Radio-Listen
1403,TVProgram-Play
1404,TVProgram-Play
1405,Video-Play
1406,FilmTele-Play
1407,FilmTele-Play
1408,Travel-Query
1409,HomeAppliance-Control
1410,Weather-Query
1411,Weather-Query
1412,Alarm-Update
1413,Calendar-Query
1414,FilmTele-Play
1415,Calendar-Query
1416,HomeAppliance-Control
1417,Alarm-Update
1418,Music-Play
1419,Weather-Query
1420,Alarm-Update
1421,HomeAppliance-Control
1422,Radio-Listen
1423,Music-Play
1424,Music-Play
1425,Music-Play
1426,Audio-Play
1427,Weather-Query
1428,Alarm-Update
1429,Weather-Query
1430,Alarm-Update
1431,Travel-Query
1432,HomeAppliance-Control
1433,Music-Play
1434,HomeAppliance-Control
1435,Video-Play
1436,FilmTele-Play
1437,Calendar-Query
1438,Video-Play
1439,FilmTele-Play
1440,Weather-Query
1441,Weather-Query
1442,HomeAppliance-Control
1443,Radio-Listen
1444,Radio-Listen
1445,Calendar-Query
1446,FilmTele-Play
1447,Weather-Query
1448,Travel-Query
1449,Alarm-Update
1450,FilmTele-Play
1451,FilmTele-Play
1452,Other
1453,TVProgram-Play
1454,Calendar-Query
1455,Calendar-Query
1456,Weather-Query
1457,Weather-Query
1458,Other
1459,HomeAppliance-Control
1460,Radio-Listen
1461,Video-Play
1462,HomeAppliance-Control
1463,TVProgram-Play
1464,HomeAppliance-Control
1465,Music-Play
1466,Other
1467,Alarm-Update
1468,FilmTele-Play
1469,Calendar-Query
1470,Weather-Query
1471,Music-Play
1472,Radio-Listen
1473,HomeAppliance-Control
1474,Music-Play
1475,HomeAppliance-Control
1476,Video-Play
1477,Music-Play
1478,Radio-Listen
1479,Audio-Play
1480,Travel-Query
1481,HomeAppliance-Control
1482,HomeAppliance-Control
1483,Radio-Listen
1484,Radio-Listen
1485,TVProgram-Play
1486,Weather-Query
1487,Alarm-Update
1488,Travel-Query
1489,Weather-Query
1490,HomeAppliance-Control
1491,Music-Play
1492,HomeAppliance-Control
1493,Music-Play
1494,Calendar-Query
1495,Weather-Query
1496,HomeAppliance-Control
1497,Video-Play
1498,Travel-Query
1499,Music-Play
1500,Video-Play
1501,Video-Play
1502,Travel-Query
1503,Travel-Query
1504,FilmTele-Play
1505,Audio-Play
1506,Weather-Query
1507,HomeAppliance-Control
1508,Audio-Play
1509,Video-Play
1510,Travel-Query
1511,FilmTele-Play
1512,Alarm-Update
1513,FilmTele-Play
1514,Radio-Listen
1515,Weather-Query
1516,Weather-Query
1517,Weather-Query
1518,FilmTele-Play
1519,Alarm-Update
1520,Calendar-Query
1521,Weather-Query
1522,Weather-Query
1523,Video-Play
1524,Calendar-Query
1525,Audio-Play
1526,Video-Play
1527,TVProgram-Play
1528,Travel-Query
1529,Travel-Query
1530,FilmTele-Play
1531,HomeAppliance-Control
1532,FilmTele-Play
1533,FilmTele-Play
1534,FilmTele-Play
1535,Video-Play
1536,Calendar-Query
1537,Other
1538,TVProgram-Play
1539,Video-Play
1540,HomeAppliance-Control
1541,FilmTele-Play
1542,Calendar-Query
1543,Radio-Listen
1544,FilmTele-Play
1545,Radio-Listen
1546,TVProgram-Play
1547,HomeAppliance-Control
1548,TVProgram-Play
1549,Travel-Query
1550,Music-Play
1551,Music-Play
1552,Video-Play
1553,Audio-Play
1554,FilmTele-Play
1555,Weather-Query
1556,Weather-Query
1557,TVProgram-Play
1558,Music-Play
1559,HomeAppliance-Control
1560,Music-Play
1561,Video-Play
1562,Radio-Listen
1563,FilmTele-Play
1564,HomeAppliance-Control
1565,Alarm-Update
1566,FilmTele-Play
1567,FilmTele-Play
1568,FilmTele-Play
1569,HomeAppliance-Control
1570,Other
1571,FilmTele-Play
1572,Travel-Query
1573,Radio-Listen
1574,Audio-Play
1575,FilmTele-Play
1576,Radio-Listen
1577,Travel-Query
1578,Audio-Play
1579,FilmTele-Play
1580,HomeAppliance-Control
1581,Video-Play
1582,Video-Play
1583,Calendar-Query
1584,Video-Play
1585,Other
1586,FilmTele-Play
1587,Weather-Query
1588,Music-Play
1589,Radio-Listen
1590,Weather-Query
1591,Radio-Listen
1592,Music-Play
1593,Calendar-Query
1594,HomeAppliance-Control
1595,Other
1596,Alarm-Update
1597,Music-Play
1598,Radio-Listen
1599,Music-Play
1600,Other
1601,Travel-Query
1602,Travel-Query
1603,Calendar-Query
1604,Radio-Listen
1605,TVProgram-Play
1606,FilmTele-Play
1607,Travel-Query
1608,TVProgram-Play
1609,Travel-Query
1610,Alarm-Update
1611,Travel-Query
1612,HomeAppliance-Control
1613,Weather-Query
1614,Travel-Query
1615,Video-Play
1616,HomeAppliance-Control
1617,Radio-Listen
1618,HomeAppliance-Control
1619,Calendar-Query
1620,Alarm-Update
1621,Music-Play
1622,Radio-Listen
1623,Video-Play
1624,Radio-Listen
1625,Radio-Listen
1626,TVProgram-Play
1627,Video-Play
1628,Weather-Query
1629,Calendar-Query
1630,Alarm-Update
1631,FilmTele-Play
1632,HomeAppliance-Control
1633,Music-Play
1634,Alarm-Update
1635,HomeAppliance-Control
1636,Radio-Listen
1637,Music-Play
1638,FilmTele-Play
1639,TVProgram-Play
1640,Video-Play
1641,Travel-Query
1642,Video-Play
1643,Travel-Query
1644,Audio-Play
1645,Weather-Query
1646,Radio-Listen
1647,TVProgram-Play
1648,FilmTele-Play
1649,Alarm-Update
1650,Calendar-Query
1651,Calendar-Query
1652,FilmTele-Play
1653,Video-Play
1654,Music-Play
1655,Audio-Play
1656,Radio-Listen
1657,Alarm-Update
1658,Video-Play
1659,HomeAppliance-Control
1660,FilmTele-Play
1661,HomeAppliance-Control
1662,Radio-Listen
1663,FilmTele-Play
1664,Alarm-Update
1665,Radio-Listen
1666,TVProgram-Play
1667,FilmTele-Play
1668,Travel-Query
1669,FilmTele-Play
1670,Travel-Query
1671,Calendar-Query
1672,FilmTele-Play
1673,Weather-Query
1674,Video-Play
1675,Alarm-Update
1676,Alarm-Update
1677,Travel-Query
1678,HomeAppliance-Control
1679,Alarm-Update
1680,Calendar-Query
1681,Alarm-Update
1682,HomeAppliance-Control
1683,FilmTele-Play
1684,Radio-Listen
1685,FilmTele-Play
1686,TVProgram-Play
1687,Weather-Query
1688,Video-Play
1689,Weather-Query
1690,Music-Play
1691,Other
1692,Radio-Listen
1693,FilmTele-Play
1694,FilmTele-Play
1695,Radio-Listen
1696,Alarm-Update
1697,Music-Play
1698,Travel-Query
1699,Radio-Listen
1700,Radio-Listen
1701,HomeAppliance-Control
1702,HomeAppliance-Control
1703,Calendar-Query
1704,TVProgram-Play
1705,Alarm-Update
1706,Music-Play
1707,HomeAppliance-Control
1708,Alarm-Update
1709,Travel-Query
1710,Audio-Play
1711,TVProgram-Play
1712,Music-Play
1713,Calendar-Query
1714,FilmTele-Play
1715,Travel-Query
1716,Audio-Play
1717,Other
1718,Travel-Query
1719,Music-Play
1720,TVProgram-Play
1721,Alarm-Update
1722,Music-Play
1723,Weather-Query
1724,Weather-Query
1725,Video-Play
1726,HomeAppliance-Control
1727,Calendar-Query
1728,Calendar-Query
1729,TVProgram-Play
1730,Calendar-Query
1731,Calendar-Query
1732,Weather-Query
1733,Weather-Query
1734,Weather-Query
1735,Video-Play
1736,FilmTele-Play
1737,TVProgram-Play
1738,TVProgram-Play
1739,Travel-Query
1740,Travel-Query
1741,Weather-Query
1742,Radio-Listen
1743,Other
1744,Weather-Query
1745,Other
1746,HomeAppliance-Control
1747,Weather-Query
1748,Radio-Listen
1749,Video-Play
1750,Radio-Listen
1751,Calendar-Query
1752,Music-Play
1753,Music-Play
1754,FilmTele-Play
1755,Radio-Listen
1756,Calendar-Query
1757,Other
1758,Weather-Query
1759,Audio-Play
1760,Video-Play
1761,Weather-Query
1762,FilmTele-Play
1763,FilmTele-Play
1764,HomeAppliance-Control
1765,Audio-Play
1766,Calendar-Query
1767,FilmTele-Play
1768,Alarm-Update
1769,Music-Play
1770,Travel-Query
1771,Audio-Play
1772,TVProgram-Play
1773,Radio-Listen
1774,Radio-Listen
1775,Radio-Listen
1776,Audio-Play
1777,Music-Play
1778,Music-Play
1779,FilmTele-Play
1780,Weather-Query
1781,TVProgram-Play
1782,Weather-Query
1783,HomeAppliance-Control
1784,TVProgram-Play
1785,Video-Play
1786,Weather-Query
1787,Travel-Query
1788,Alarm-Update
1789,Music-Play
1790,HomeAppliance-Control
1791,Video-Play
1792,FilmTele-Play
1793,Music-Play
1794,Video-Play
1795,Music-Play
1796,Weather-Query
1797,Music-Play
1798,HomeAppliance-Control
1799,HomeAppliance-Control
1800,HomeAppliance-Control
1801,Audio-Play
1802,Alarm-Update
1803,Audio-Play
1804,Calendar-Query
1805,FilmTele-Play
1806,Radio-Listen
1807,Calendar-Query
1808,Weather-Query
1809,Calendar-Query
1810,TVProgram-Play
1811,HomeAppliance-Control
1812,TVProgram-Play
1813,HomeAppliance-Control
1814,Alarm-Update
1815,Video-Play
1816,Calendar-Query
1817,FilmTele-Play
1818,Other
1819,Video-Play
1820,Music-Play
1821,Music-Play
1822,Weather-Query
1823,TVProgram-Play
1824,FilmTele-Play
1825,FilmTele-Play
1826,Music-Play
1827,HomeAppliance-Control
1828,HomeAppliance-Control
1829,Travel-Query
1830,Music-Play
1831,Music-Play
1832,HomeAppliance-Control
1833,Travel-Query
1834,HomeAppliance-Control
1835,FilmTele-Play
1836,Video-Play
1837,Calendar-Query
1838,Weather-Query
1839,Radio-Listen
1840,Alarm-Update
1841,Other
1842,Alarm-Update
1843,FilmTele-Play
1844,Calendar-Query
1845,Weather-Query
1846,Radio-Listen
1847,Audio-Play
1848,HomeAppliance-Control
1849,Travel-Query
1850,FilmTele-Play
1851,FilmTele-Play
1852,Travel-Query
1853,FilmTele-Play
1854,Music-Play
1855,Travel-Query
1856,Radio-Listen
1857,Calendar-Query
1858,Alarm-Update
1859,Music-Play
1860,Audio-Play
1861,Radio-Listen
1862,FilmTele-Play
1863,Weather-Query
1864,Travel-Query
1865,Radio-Listen
1866,FilmTele-Play
1867,Calendar-Query
1868,Radio-Listen
1869,Video-Play
1870,Alarm-Update
1871,Radio-Listen
1872,Other
1873,TVProgram-Play
1874,Alarm-Update
1875,Music-Play
1876,Radio-Listen
1877,Radio-Listen
1878,Video-Play
1879,Alarm-Update
1880,Music-Play
1881,Music-Play
1882,Video-Play
1883,Travel-Query
1884,Music-Play
1885,Video-Play
1886,FilmTele-Play
1887,Audio-Play
1888,Travel-Query
1889,FilmTele-Play
1890,Radio-Listen
1891,Weather-Query
1892,Other
1893,Other
1894,FilmTele-Play
1895,Weather-Query
1896,Music-Play
1897,FilmTele-Play
1898,FilmTele-Play
1899,Travel-Query
1900,Weather-Query
1901,Music-Play
1902,Alarm-Update
1903,Other
1904,HomeAppliance-Control
1905,Calendar-Query
1906,Music-Play
1907,Travel-Query
1908,Calendar-Query
1909,HomeAppliance-Control
1910,Radio-Listen
1911,HomeAppliance-Control
1912,Video-Play
1913,Travel-Query
1914,Weather-Query
1915,Music-Play
1916,TVProgram-Play
1917,HomeAppliance-Control
1918,Weather-Query
1919,Music-Play
1920,Radio-Listen
1921,Calendar-Query
1922,FilmTele-Play
1923,Alarm-Update
1924,TVProgram-Play
1925,HomeAppliance-Control
1926,Alarm-Update
1927,Video-Play
1928,Audio-Play
1929,Calendar-Query
1930,Weather-Query
1931,Calendar-Query
1932,Travel-Query
1933,FilmTele-Play
1934,Music-Play
1935,Music-Play
1936,Video-Play
1937,Travel-Query
1938,Music-Play
1939,Calendar-Query
1940,Travel-Query
1941,HomeAppliance-Control
1942,HomeAppliance-Control
1943,HomeAppliance-Control
1944,Video-Play
1945,TVProgram-Play
1946,Weather-Query
1947,Video-Play
1948,Travel-Query
1949,FilmTele-Play
1950,Music-Play
1951,Radio-Listen
1952,Music-Play
1953,Audio-Play
1954,HomeAppliance-Control
1955,HomeAppliance-Control
1956,Music-Play
1957,Music-Play
1958,Weather-Query
1959,Travel-Query
1960,Other
1961,Weather-Query
1962,HomeAppliance-Control
1963,HomeAppliance-Control
1964,Video-Play
1965,Travel-Query
1966,Music-Play
1967,HomeAppliance-Control
1968,HomeAppliance-Control
1969,TVProgram-Play
1970,Alarm-Update
1971,FilmTele-Play
1972,Audio-Play
1973,Radio-Listen
1974,TVProgram-Play
1975,Alarm-Update
1976,Weather-Query
1977,Audio-Play
1978,Weather-Query
1979,Other
1980,HomeAppliance-Control
1981,Travel-Query
1982,Video-Play
1983,HomeAppliance-Control
1984,Travel-Query
1985,FilmTele-Play
1986,Travel-Query
1987,Radio-Listen
1988,Travel-Query
1989,Other
1990,TVProgram-Play
1991,Travel-Query
1992,Radio-Listen
1993,Video-Play
1994,Music-Play
1995,Weather-Query
1996,Radio-Listen
1997,Calendar-Query
1998,Weather-Query
1999,Weather-Query
2000,Travel-Query
2001,TVProgram-Play
2002,Calendar-Query
2003,Weather-Query
2004,Weather-Query
2005,Alarm-Update
2006,Video-Play
2007,Weather-Query
2008,Calendar-Query
2009,Video-Play
2010,Video-Play
2011,Weather-Query
2012,HomeAppliance-Control
2013,Other
2014,HomeAppliance-Control
2015,Radio-Listen
2016,Alarm-Update
2017,Alarm-Update
2018,Alarm-Update
2019,FilmTele-Play
2020,TVProgram-Play
2021,Radio-Listen
2022,Travel-Query
2023,HomeAppliance-Control
2024,Weather-Query
2025,Audio-Play
2026,Weather-Query
2027,FilmTele-Play
2028,Travel-Query
2029,TVProgram-Play
2030,Weather-Query
2031,Travel-Query
2032,Travel-Query
2033,Weather-Query
2034,FilmTele-Play
2035,Radio-Listen
2036,Other
2037,Weather-Query
2038,Calendar-Query
2039,HomeAppliance-Control
2040,Music-Play
2041,Music-Play
2042,Calendar-Query
2043,Alarm-Update
2044,Calendar-Query
2045,Calendar-Query
2046,Travel-Query
2047,HomeAppliance-Control
2048,Travel-Query
2049,FilmTele-Play
2050,Music-Play
2051,HomeAppliance-Control
2052,Music-Play
2053,HomeAppliance-Control
2054,FilmTele-Play
2055,HomeAppliance-Control
2056,Calendar-Query
2057,HomeAppliance-Control
2058,Other
2059,Travel-Query
2060,TVProgram-Play
2061,HomeAppliance-Control
2062,TVProgram-Play
2063,Weather-Query
2064,Weather-Query
2065,Radio-Listen
2066,Travel-Query
2067,Travel-Query
2068,Video-Play
2069,Alarm-Update
2070,HomeAppliance-Control
2071,Music-Play
2072,TVProgram-Play
2073,Audio-Play
2074,Weather-Query
2075,FilmTele-Play
2076,Calendar-Query
2077,HomeAppliance-Control
2078,Calendar-Query
2079,Audio-Play
2080,Other
2081,Calendar-Query
2082,Music-Play
2083,Alarm-Update
2084,FilmTele-Play
2085,Travel-Query
2086,Video-Play
2087,Radio-Listen
2088,Alarm-Update
2089,FilmTele-Play
2090,Alarm-Update
2091,Calendar-Query
2092,Audio-Play
2093,Music-Play
2094,Travel-Query
2095,Music-Play
2096,Radio-Listen
2097,Calendar-Query
2098,HomeAppliance-Control
2099,Radio-Listen
2100,Alarm-Update
2101,Music-Play
2102,HomeAppliance-Control
2103,Video-Play
2104,Radio-Listen
2105,Alarm-Update
2106,Other
2107,Radio-Listen
2108,Music-Play
2109,Radio-Listen
2110,Weather-Query
2111,Weather-Query
2112,FilmTele-Play
2113,Weather-Query
2114,Audio-Play
2115,Weather-Query
2116,Travel-Query
2117,Music-Play
2118,Other
2119,Music-Play
2120,HomeAppliance-Control
2121,FilmTele-Play
2122,Audio-Play
2123,Radio-Listen
2124,FilmTele-Play
2125,Music-Play
2126,FilmTele-Play
2127,Alarm-Update
2128,Audio-Play
2129,Calendar-Query
2130,Music-Play
2131,Calendar-Query
2132,Travel-Query
2133,Audio-Play
2134,Alarm-Update
2135,Audio-Play
2136,Audio-Play
2137,Travel-Query
2138,Music-Play
2139,Music-Play
2140,Music-Play
2141,Audio-Play
2142,TVProgram-Play
2143,Alarm-Update
2144,Calendar-Query
2145,Alarm-Update
2146,Calendar-Query
2147,Travel-Query
2148,Weather-Query
2149,FilmTele-Play
2150,FilmTele-Play
2151,Calendar-Query
2152,Calendar-Query
2153,FilmTele-Play
2154,Video-Play
2155,FilmTele-Play
2156,Travel-Query
2157,Music-Play
2158,Calendar-Query
2159,HomeAppliance-Control
2160,Travel-Query
2161,Alarm-Update
2162,Calendar-Query
2163,Other
2164,Video-Play
2165,Weather-Query
2166,FilmTele-Play
2167,Weather-Query
2168,Weather-Query
2169,Radio-Listen
2170,Radio-Listen
2171,Weather-Query
2172,TVProgram-Play
2173,Radio-Listen
2174,Video-Play
2175,Weather-Query
2176,Travel-Query
2177,HomeAppliance-Control
2178,Music-Play
2179,Calendar-Query
2180,Video-Play
2181,HomeAppliance-Control
2182,Video-Play
2183,Travel-Query
2184,Weather-Query
2185,Music-Play
2186,Other
2187,Video-Play
2188,TVProgram-Play
2189,Video-Play
2190,Alarm-Update
2191,Calendar-Query
2192,Travel-Query
2193,Radio-Listen
2194,Weather-Query
2195,Audio-Play
2196,TVProgram-Play
2197,Travel-Query
2198,HomeAppliance-Control
2199,HomeAppliance-Control
2200,Video-Play
2201,FilmTele-Play
2202,Video-Play
2203,Video-Play
2204,Weather-Query
2205,Travel-Query
2206,Audio-Play
2207,Travel-Query
2208,Alarm-Update
2209,Music-Play
2210,Music-Play
2211,Travel-Query
2212,TVProgram-Play
2213,Travel-Query
2214,Alarm-Update
2215,Other
2216,FilmTele-Play
2217,Video-Play
2218,Video-Play
2219,Weather-Query
2220,Video-Play
2221,Video-Play
2222,Travel-Query
2223,Travel-Query
2224,Video-Play
2225,Video-Play
2226,HomeAppliance-Control
2227,Alarm-Update
2228,TVProgram-Play
2229,TVProgram-Play
2230,HomeAppliance-Control
2231,Audio-Play
2232,Music-Play
2233,Music-Play
2234,Travel-Query
2235,Music-Play
2236,Video-Play
2237,Music-Play
2238,Radio-Listen
2239,Weather-Query
2240,Video-Play
2241,HomeAppliance-Control
2242,Alarm-Update
2243,FilmTele-Play
2244,Audio-Play
2245,Weather-Query
2246,Radio-Listen
2247,HomeAppliance-Control
2248,Audio-Play
2249,Music-Play
2250,Travel-Query
2251,Weather-Query
2252,Alarm-Update
2253,HomeAppliance-Control
2254,HomeAppliance-Control
2255,Video-Play
2256,Travel-Query
2257,Weather-Query
2258,Audio-Play
2259,Audio-Play
2260,HomeAppliance-Control
2261,Video-Play
2262,Video-Play
2263,FilmTele-Play
2264,TVProgram-Play
2265,Music-Play
2266,Video-Play
2267,HomeAppliance-Control
2268,Video-Play
2269,Calendar-Query
2270,Other
2271,Video-Play
2272,Music-Play
2273,Radio-Listen
2274,HomeAppliance-Control
2275,FilmTele-Play
2276,Other
2277,Calendar-Query
2278,FilmTele-Play
2279,Music-Play
2280,Video-Play
2281,Calendar-Query
2282,FilmTele-Play
2283,Alarm-Update
2284,Weather-Query
2285,Video-Play
2286,Music-Play
2287,Music-Play
2288,Other
2289,Video-Play
2290,Calendar-Query
2291,HomeAppliance-Control
2292,Calendar-Query
2293,Alarm-Update
2294,FilmTele-Play
2295,FilmTele-Play
2296,Weather-Query
2297,HomeAppliance-Control
2298,Calendar-Query
2299,TVProgram-Play
2300,Weather-Query
2301,FilmTele-Play
2302,Music-Play
2303,Travel-Query
2304,Weather-Query
2305,TVProgram-Play
2306,FilmTele-Play
2307,Other
2308,Radio-Listen
2309,Music-Play
2310,Other
2311,Video-Play
2312,Music-Play
2313,FilmTele-Play
2314,Music-Play
2315,Weather-Query
2316,Weather-Query
2317,Music-Play
2318,FilmTele-Play
2319,HomeAppliance-Control
2320,Alarm-Update
2321,Video-Play
2322,Alarm-Update
2323,Audio-Play
2324,Music-Play
2325,Travel-Query
2326,Travel-Query
2327,Music-Play
2328,Alarm-Update
2329,Music-Play
2330,Music-Play
2331,Travel-Query
2332,Travel-Query
2333,Music-Play
2334,FilmTele-Play
2335,Radio-Listen
2336,TVProgram-Play
2337,Video-Play
2338,Other
2339,Music-Play
2340,Travel-Query
2341,TVProgram-Play
2342,Audio-Play
2343,HomeAppliance-Control
2344,Calendar-Query
2345,Calendar-Query
2346,Calendar-Query
2347,FilmTele-Play
2348,Audio-Play
2349,Alarm-Update
2350,HomeAppliance-Control
2351,Calendar-Query
2352,FilmTele-Play
2353,HomeAppliance-Control
2354,Weather-Query
2355,Music-Play
2356,Calendar-Query
2357,Alarm-Update
2358,HomeAppliance-Control
2359,TVProgram-Play
2360,FilmTele-Play
2361,Alarm-Update
2362,Video-Play
2363,Music-Play
2364,Weather-Query
2365,HomeAppliance-Control
2366,TVProgram-Play
2367,Travel-Query
2368,Video-Play
2369,Radio-Listen
2370,Weather-Query
2371,Radio-Listen
2372,Weather-Query
2373,FilmTele-Play
2374,Calendar-Query
2375,Music-Play
2376,Video-Play
2377,Music-Play
2378,Radio-Listen
2379,FilmTele-Play
2380,TVProgram-Play
2381,Alarm-Update
2382,HomeAppliance-Control
2383,Weather-Query
2384,Travel-Query
2385,Radio-Listen
2386,Radio-Listen
2387,Alarm-Update
2388,TVProgram-Play
2389,Alarm-Update
2390,Audio-Play
2391,FilmTele-Play
2392,Weather-Query
2393,Music-Play
2394,TVProgram-Play
2395,Video-Play
2396,Other
2397,Weather-Query
2398,Music-Play
2399,Alarm-Update
2400,Other
2401,TVProgram-Play
2402,Music-Play
2403,FilmTele-Play
2404,Video-Play
2405,HomeAppliance-Control
2406,Weather-Query
2407,Calendar-Query
2408,FilmTele-Play
2409,HomeAppliance-Control
2410,TVProgram-Play
2411,Alarm-Update
2412,Music-Play
2413,Weather-Query
2414,Music-Play
2415,Calendar-Query
2416,HomeAppliance-Control
2417,TVProgram-Play
2418,Travel-Query
2419,FilmTele-Play
2420,Weather-Query
2421,Travel-Query
2422,Alarm-Update
2423,Audio-Play
2424,Radio-Listen
2425,Music-Play
2426,Weather-Query
2427,FilmTele-Play
2428,Calendar-Query
2429,HomeAppliance-Control
2430,Calendar-Query
2431,HomeAppliance-Control
2432,Weather-Query
2433,Music-Play
2434,Alarm-Update
2435,Radio-Listen
2436,Music-Play
2437,FilmTele-Play
2438,Other
2439,Travel-Query
2440,HomeAppliance-Control
2441,HomeAppliance-Control
2442,Travel-Query
2443,Weather-Query
2444,FilmTele-Play
2445,HomeAppliance-Control
2446,Video-Play
2447,Travel-Query
2448,Other
2449,Alarm-Update
2450,Alarm-Update
2451,Music-Play
2452,Video-Play
2453,Travel-Query
2454,HomeAppliance-Control
2455,Weather-Query
2456,Calendar-Query
2457,Other
2458,FilmTele-Play
2459,TVProgram-Play
2460,Weather-Query
2461,Other
2462,FilmTele-Play
2463,FilmTele-Play
2464,Radio-Listen
2465,Radio-Listen
2466,Calendar-Query
2467,Weather-Query
2468,Calendar-Query
2469,HomeAppliance-Control
2470,HomeAppliance-Control
2471,Radio-Listen
2472,Music-Play
2473,Other
2474,Travel-Query
2475,Alarm-Update
2476,Calendar-Query
2477,FilmTele-Play
2478,FilmTele-Play
2479,FilmTele-Play
2480,FilmTele-Play
2481,Travel-Query
2482,Radio-Listen
2483,Music-Play
2484,Weather-Query
2485,Audio-Play
2486,Music-Play
2487,Video-Play
2488,Video-Play
2489,Alarm-Update
2490,FilmTele-Play
2491,Music-Play
2492,Music-Play
2493,Calendar-Query
2494,Calendar-Query
2495,Alarm-Update
2496,Radio-Listen
2497,Calendar-Query
2498,Alarm-Update
2499,Other
2500,Travel-Query
2501,Other
2502,TVProgram-Play
2503,HomeAppliance-Control
2504,FilmTele-Play
2505,Calendar-Query
2506,TVProgram-Play
2507,FilmTele-Play
2508,Radio-Listen
2509,Music-Play
2510,Other
2511,FilmTele-Play
2512,Audio-Play
2513,TVProgram-Play
2514,HomeAppliance-Control
2515,Music-Play
2516,Music-Play
2517,Video-Play
2518,Weather-Query
2519,TVProgram-Play
2520,Video-Play
2521,Weather-Query
2522,Radio-Listen
2523,Video-Play
2524,HomeAppliance-Control
2525,HomeAppliance-Control
2526,HomeAppliance-Control
2527,Music-Play
2528,HomeAppliance-Control
2529,Music-Play
2530,TVProgram-Play
2531,Alarm-Update
2532,TVProgram-Play
2533,FilmTele-Play
2534,Alarm-Update
2535,Weather-Query
2536,HomeAppliance-Control
2537,Video-Play
2538,FilmTele-Play
2539,Other
2540,Calendar-Query
2541,Audio-Play
2542,Radio-Listen
2543,HomeAppliance-Control
2544,Video-Play
2545,Travel-Query
2546,Audio-Play
2547,FilmTele-Play
2548,Music-Play
2549,HomeAppliance-Control
2550,Weather-Query
2551,Weather-Query
2552,Alarm-Update
2553,TVProgram-Play
2554,Music-Play
2555,TVProgram-Play
2556,FilmTele-Play
2557,Weather-Query
2558,Calendar-Query
2559,FilmTele-Play
2560,Other
2561,Alarm-Update
2562,Other
2563,Travel-Query
2564,Weather-Query
2565,HomeAppliance-Control
2566,FilmTele-Play
2567,Calendar-Query
2568,Weather-Query
2569,HomeAppliance-Control
2570,TVProgram-Play
2571,Weather-Query
2572,HomeAppliance-Control
2573,Weather-Query
2574,Other
2575,Alarm-Update
2576,TVProgram-Play
2577,FilmTele-Play
2578,Video-Play
2579,Radio-Listen
2580,Video-Play
2581,Weather-Query
2582,Video-Play
2583,Radio-Listen
2584,Video-Play
2585,Weather-Query
2586,Music-Play
2587,Other
2588,Travel-Query
2589,HomeAppliance-Control
2590,FilmTele-Play
2591,HomeAppliance-Control
2592,TVProgram-Play
2593,FilmTele-Play
2594,Audio-Play
2595,Calendar-Query
2596,FilmTele-Play
2597,Other
2598,Radio-Listen
2599,Calendar-Query
2600,Calendar-Query
2601,Music-Play
2602,Other
2603,Travel-Query
2604,Weather-Query
2605,Travel-Query
2606,Travel-Query
2607,HomeAppliance-Control
2608,Video-Play
2609,Alarm-Update
2610,FilmTele-Play
2611,FilmTele-Play
2612,Music-Play
2613,FilmTele-Play
2614,FilmTele-Play
2615,FilmTele-Play
2616,FilmTele-Play
2617,Calendar-Query
2618,FilmTele-Play
2619,HomeAppliance-Control
2620,HomeAppliance-Control
2621,Alarm-Update
2622,Radio-Listen
2623,Video-Play
2624,Video-Play
2625,FilmTele-Play
2626,Other
2627,TVProgram-Play
2628,FilmTele-Play
2629,FilmTele-Play
2630,Travel-Query
2631,Audio-Play
2632,Alarm-Update
2633,Weather-Query
2634,Calendar-Query
2635,FilmTele-Play
2636,FilmTele-Play
2637,Other
2638,HomeAppliance-Control
2639,FilmTele-Play
2640,Calendar-Query
2641,Music-Play
2642,Video-Play
2643,FilmTele-Play
2644,FilmTele-Play
2645,Radio-Listen
2646,FilmTele-Play
2647,Music-Play
2648,Travel-Query
2649,Travel-Query
2650,HomeAppliance-Control
2651,Radio-Listen
2652,Other
2653,Weather-Query
2654,Alarm-Update
2655,Calendar-Query
2656,Travel-Query
2657,Alarm-Update
2658,Weather-Query
2659,Music-Play
2660,FilmTele-Play
2661,TVProgram-Play
2662,Other
2663,Video-Play
2664,Music-Play
2665,Weather-Query
2666,HomeAppliance-Control
2667,HomeAppliance-Control
2668,FilmTele-Play
2669,FilmTele-Play
2670,Video-Play
2671,Radio-Listen
2672,Alarm-Update
2673,Weather-Query
2674,Weather-Query
2675,Video-Play
2676,FilmTele-Play
2677,FilmTele-Play
2678,Other
2679,Weather-Query
2680,Radio-Listen
2681,HomeAppliance-Control
2682,Calendar-Query
2683,Music-Play
2684,Weather-Query
2685,Alarm-Update
2686,TVProgram-Play
2687,FilmTele-Play
2688,Calendar-Query
2689,Radio-Listen
2690,Music-Play
2691,Weather-Query
2692,Weather-Query
2693,Calendar-Query
2694,Weather-Query
2695,Travel-Query
2696,HomeAppliance-Control
2697,Alarm-Update
2698,FilmTele-Play
2699,TVProgram-Play
2700,Audio-Play
2701,Music-Play
2702,Travel-Query
2703,Travel-Query
2704,Music-Play
2705,Other
2706,Video-Play
2707,Music-Play
2708,TVProgram-Play
2709,FilmTele-Play
2710,Music-Play
2711,Music-Play
2712,Weather-Query
2713,Radio-Listen
2714,Calendar-Query
2715,Other
2716,Music-Play
2717,Travel-Query
2718,FilmTele-Play
2719,Other
2720,Travel-Query
2721,Audio-Play
2722,Travel-Query
2723,Radio-Listen
2724,Music-Play
2725,Other
2726,Calendar-Query
2727,TVProgram-Play
2728,TVProgram-Play
2729,FilmTele-Play
2730,HomeAppliance-Control
2731,Music-Play
2732,Music-Play
2733,FilmTele-Play
2734,Music-Play
2735,Video-Play
2736,Radio-Listen
2737,Alarm-Update
2738,Weather-Query
2739,Music-Play
2740,Weather-Query
2741,FilmTele-Play
2742,Travel-Query
2743,Alarm-Update
2744,Other
2745,FilmTele-Play
2746,Radio-Listen
2747,Music-Play
2748,Video-Play
2749,Audio-Play
2750,HomeAppliance-Control
2751,HomeAppliance-Control
2752,TVProgram-Play
2753,Travel-Query
2754,Other
2755,Radio-Listen
2756,FilmTele-Play
2757,Music-Play
2758,TVProgram-Play
2759,Radio-Listen
2760,Video-Play
2761,TVProgram-Play
2762,FilmTele-Play
2763,Video-Play
2764,Calendar-Query
2765,Weather-Query
2766,Travel-Query
2767,FilmTele-Play
2768,Video-Play
2769,Video-Play
2770,Travel-Query
2771,Video-Play
2772,Travel-Query
2773,Alarm-Update
2774,Radio-Listen
2775,Weather-Query
2776,Video-Play
2777,TVProgram-Play
2778,Weather-Query
2779,FilmTele-Play
2780,Weather-Query
2781,Weather-Query
2782,Weather-Query
2783,Audio-Play
2784,Radio-Listen
2785,Music-Play
2786,HomeAppliance-Control
2787,Radio-Listen
2788,Music-Play
2789,Music-Play
2790,Video-Play
2791,Other
2792,Music-Play
2793,Music-Play
2794,Music-Play
2795,Alarm-Update
2796,Radio-Listen
2797,FilmTele-Play
2798,Alarm-Update
2799,Calendar-Query
2800,Calendar-Query
2801,Calendar-Query
2802,Travel-Query
2803,HomeAppliance-Control
2804,Calendar-Query
2805,Radio-Listen
2806,Video-Play
2807,Video-Play
2808,Audio-Play
2809,TVProgram-Play
2810,Music-Play
2811,Weather-Query
2812,Weather-Query
2813,Alarm-Update
2814,Music-Play
2815,Music-Play
2816,HomeAppliance-Control
2817,Video-Play
2818,HomeAppliance-Control
2819,Video-Play
2820,HomeAppliance-Control
2821,Weather-Query
2822,Radio-Listen
2823,Weather-Query
2824,Music-Play
2825,Travel-Query
2826,FilmTele-Play
2827,Weather-Query
2828,Calendar-Query
2829,Alarm-Update
2830,Video-Play
2831,Alarm-Update
2832,Music-Play
2833,FilmTele-Play
2834,HomeAppliance-Control
2835,Video-Play
2836,FilmTele-Play
2837,Radio-Listen
2838,Other
2839,HomeAppliance-Control
2840,Weather-Query
2841,TVProgram-Play
2842,FilmTele-Play
2843,Music-Play
2844,Music-Play
2845,Other
2846,Weather-Query
2847,Weather-Query
2848,Weather-Query
2849,Audio-Play
2850,Audio-Play
2851,Other
2852,Calendar-Query
2853,Alarm-Update
2854,Calendar-Query
2855,Alarm-Update
2856,Weather-Query
2857,Calendar-Query
2858,Audio-Play
2859,Music-Play
2860,Radio-Listen
2861,TVProgram-Play
2862,FilmTele-Play
2863,Alarm-Update
2864,Calendar-Query
2865,Radio-Listen
2866,Video-Play
2867,Video-Play
2868,Calendar-Query
2869,Calendar-Query
2870,Music-Play
2871,Travel-Query
2872,FilmTele-Play
2873,Alarm-Update
2874,FilmTele-Play
2875,FilmTele-Play
2876,Radio-Listen
2877,HomeAppliance-Control
2878,TVProgram-Play
2879,Music-Play
2880,Radio-Listen
2881,Radio-Listen
2882,Radio-Listen
2883,Travel-Query
2884,Music-Play
2885,HomeAppliance-Control
2886,FilmTele-Play
2887,Video-Play
2888,Weather-Query
2889,Video-Play
2890,HomeAppliance-Control
2891,Music-Play
2892,Video-Play
2893,Audio-Play
2894,HomeAppliance-Control
2895,Travel-Query
2896,Radio-Listen
2897,Other
2898,FilmTele-Play
2899,Calendar-Query
2900,Video-Play
2901,Radio-Listen
2902,Radio-Listen
2903,Travel-Query
2904,Calendar-Query
2905,Alarm-Update
2906,Travel-Query
2907,Travel-Query
2908,Music-Play
2909,HomeAppliance-Control
2910,Radio-Listen
2911,Calendar-Query
2912,Weather-Query
2913,HomeAppliance-Control
2914,Alarm-Update
2915,FilmTele-Play
2916,FilmTele-Play
2917,HomeAppliance-Control
2918,FilmTele-Play
2919,Travel-Query
2920,Travel-Query
2921,Radio-Listen
2922,FilmTele-Play
2923,Radio-Listen
2924,Travel-Query
2925,Weather-Query
2926,Weather-Query
2927,Video-Play
2928,Radio-Listen
2929,FilmTele-Play
2930,FilmTele-Play
2931,Music-Play
2932,Radio-Listen
2933,Alarm-Update
2934,Weather-Query
2935,Music-Play
2936,FilmTele-Play
2937,Calendar-Query
2938,HomeAppliance-Control
2939,Weather-Query
2940,TVProgram-Play
2941,Video-Play
2942,Music-Play
2943,Calendar-Query
2944,Music-Play
2945,Alarm-Update
2946,Weather-Query
2947,HomeAppliance-Control
2948,Weather-Query
2949,Weather-Query
2950,Weather-Query
2951,Video-Play
2952,HomeAppliance-Control
2953,FilmTele-Play
2954,FilmTele-Play
2955,FilmTele-Play
2956,Music-Play
2957,Weather-Query
2958,Weather-Query
2959,Weather-Query
2960,Weather-Query
2961,Video-Play
2962,Music-Play
2963,Radio-Listen
2964,Calendar-Query
2965,Radio-Listen
2966,Other
2967,Music-Play
2968,Video-Play
2969,TVProgram-Play
2970,Music-Play
2971,TVProgram-Play
2972,Video-Play
2973,Alarm-Update
2974,Video-Play
2975,Video-Play
2976,HomeAppliance-Control
2977,FilmTele-Play
2978,Audio-Play
2979,FilmTele-Play
2980,HomeAppliance-Control
2981,FilmTele-Play
2982,Weather-Query
2983,Music-Play
2984,FilmTele-Play
2985,HomeAppliance-Control
2986,Calendar-Query
2987,HomeAppliance-Control
2988,Radio-Listen
2989,Travel-Query
2990,Radio-Listen
2991,Music-Play
2992,Radio-Listen
2993,Audio-Play
2994,Calendar-Query
2995,Travel-Query
2996,Music-Play
2997,Travel-Query
2998,Music-Play
2999,Video-Play
3000,Weather-Query
